risk_decile,crashes,actual_casualty_probability,predicted_average_casualties
1,500,0.324,0.4435931282355489
2,500,0.358,0.5066704379938112
3,500,0.416,0.5465716938257494
4,500,0.46,0.5829602839538491
5,500,0.454,0.6158802396555483
6,500,0.498,0.6485288050535666
7,500,0.5,0.6790460988603962
8,500,0.52,0.7166074417388831
9,500,0.538,0.7665404500459292
10,500,0.61,0.8719229257056097
